<?xml version="1.0" encoding="utf-8"?>
<PanelName>VTDR6130 Visionox</PanelName>
<PanelDescription>VTDR6130 Visionox Single DSI DSC Command Mode Amoled Panel (1080x2400 24bpp)</PanelDescription>
<Group id="Active Timing">
 <HorizontalActive>1080</HorizontalActive>
 <HorizontalFrontPorch>20</HorizontalFrontPorch>
 <HorizontalBackPorch>20</HorizontalBackPorch>
 <HorizontalSyncPulse>2</HorizontalSyncPulse>
 <HorizontalSyncSkew>0</HorizontalSyncSkew>
 <HorizontalLeftBorder>0</HorizontalLeftBorder>
 <HorizontalRightBorder>0</HorizontalRightBorder>
 <VerticalActive>2400</VerticalActive>
 <VerticalFrontPorch>20</VerticalFrontPorch>
 <VerticalBackPorch>18</VerticalBackPorch>
 <VerticalSyncPulse>2</VerticalSyncPulse>
 <VerticalSyncSkew>0</VerticalSyncSkew>
 <VerticalTopBorder>0</VerticalTopBorder>
 <VerticalBottomBorder>0</VerticalBottomBorder>
 <InvertDataPolarity>False</InvertDataPolarity>
 <InvertVsyncPolairty>False</InvertVsyncPolairty>
 <InvertHsyncPolarity>False</InvertHsyncPolarity>
 <BorderColor>0x0</BorderColor>
</Group>
<Group id="Display Interface">
 <InterfaceType>11</InterfaceType>
 <InterfaceColorFormat>3</InterfaceColorFormat>
</Group>
<Group id="DSI Interface">
 <DSIChannelId>2</DSIChannelId>
 <DSIVirtualId>0</DSIVirtualId>
 <DSIColorFormat>36</DSIColorFormat>
 <DSITrafficMode>1</DSITrafficMode>
 <DSILanes>4</DSILanes>
 <DSICmdSwapInterface>False</DSICmdSwapInterface>
 <DSITECheckEnable>True</DSITECheckEnable>
 <DSITEUsingDedicatedTEPin>True</DSITEUsingDedicatedTEPin>
 <DSITEvSyncStartPos>2400</DSITEvSyncStartPos>
 <DSITEvSyncInitVal>2400</DSITEvSyncInitVal>
 <DSITEvSyncSelect>1</DSITEvSyncSelect>
 <DSIDSCEnable>True</DSIDSCEnable>
 <DSIDSCMajor>1</DSIDSCMajor>
 <DSIDSCMinor>1</DSIDSCMinor>
 <DSIDSCScr>0</DSIDSCScr>
 <DSIDSCProfileID>7</DSIDSCProfileID>
 <DSIDSCSliceWidth>540</DSIDSCSliceWidth>
 <DSIDSCSliceHeight>40</DSIDSCSliceHeight>
 <DSILanes>4</DSILanes>
   <DSIHsaHseAfterVsVe>False</DSIHsaHseAfterVsVe>
   <DSILowPowerModeInHFP>False</DSILowPowerModeInHFP>
   <DSILowPowerModeInHBP>False</DSILowPowerModeInHBP>
   <DSILowPowerModeInHSA>False</DSILowPowerModeInHSA>
   <DSILowPowerModeInBLLPEOF>True</DSILowPowerModeInBLLPEOF>
   <DSILowPowerModeInBLLP>True</DSILowPowerModeInBLLP>
   <DSIRefreshRate>0x900000</DSIRefreshRate>
 <DSIDynamicRefreshRates>0x910000 0x908000 0x900000</DSIDynamicRefreshRates>
 <DSICmdUsingTrigger>False</DSICmdUsingTrigger>
 <DSIEnableAutoRefresh>True</DSIEnableAutoRefresh>
 <DSIAutoRefreshFrameNumDiv>1</DSIAutoRefreshFrameNumDiv>
 <DSIControllerMapping>
  01
 </DSIControllerMapping>
</Group>
<DSIInitSequence>
 39 03 01
 39 35 00
 39 53 20
 39 51 00 00
 39 59 09
 39 6C 01
 39 6D 00
 39 6F 02
 39 70 12 00 00 AB 30 80 09 60 04 38 00 28 02 1C 02 1C 02 00 02 0E 00 20 03 DD 00 07 00 0C 02 77 02 8B 18 00 10 F0 07 10 20 00 06 0F 0F 33 0E 1C 2A 38 46 54 62 69 70 77 79 7B 7D 7E 02 02 22 00 2A 40 2A BE 3A FC 3A FA 3A F8 3B 38 3B 78 3B B6 4B B6 4B F4 4B F4 6C 34 84 74 00 00 00 00 00 00
 39 F0 AA 10
 39 B1 01 38 00 14 00 1C 00 01 66 00 14 00 14 00 01 66 00 14 05 CC 00
 39 F0 AA 13
 39 CE 09 11 09 11 08 C1 07 FA 05 A4 00 3C 00 34 00 24 00 0C 00 0C 04 00 35
 39 F0 AA 14
 39 B2 03 33
 39 B4 00 33 00 00 00 3E 00 00 00 3E 00 00
 39 B5 00 09 09 09 09 09 09 06 01
 39 B9 00 00 08 09 09 09
 39 BC 10 00 00 06 11 09 3B 09 47 09 47 00
 39 BE 10 10 00 08 22 09 19 09 25 09 25 00
 39 FF 5A 80
 39 65 14
 39 FA 08 08 08
 39 FF 5A 81
 39 65 05
 39 F3 0F
 39 F0 AA 00
 39 FF 5A 82
 39 F9 00
 39 FF 51 83
 39 65 04
 39 F8 00
 39 FF 5A 00
 39 65 01
 39 F4 9A
 39 FF 5A 00
 05 11 00
 FF 78
 05 29 00
</DSIInitSequence>
<DSITermSequence>
 05 28
 ff 14
 05 10
 ff 78
</DSITermSequence>
<Group id='Backlight Configuration'>
 <BacklightType>3</BacklightType>
 <BacklightBitWidth>12</BacklightBitWidth>
 <DisplayResetInfo>0 10 1000 10000 0</DisplayResetInfo>
</Group>
