<?xml version="1.0" encoding="utf-8"?>
<PanelName>NT37801</PanelName>
<PanelDescription>nt37801 amoled cmd mode 120hz dsi csot panel with DSC C-Phy(1440x3200 24bpp)</PanelDescription>
<Group id="Active Timing">
 <HorizontalActive>1440</HorizontalActive>
 <HorizontalFrontPorch>22</HorizontalFrontPorch>
 <HorizontalBackPorch>20</HorizontalBackPorch>
 <HorizontalSyncPulse>20</HorizontalSyncPulse>
 <HorizontalSyncSkew>0</HorizontalSyncSkew>
 <HorizontalLeftBorder>0</HorizontalLeftBorder>
 <HorizontalRightBorder>0</HorizontalRightBorder>
 <VerticalActive>3200</VerticalActive>
 <VerticalFrontPorch>20</VerticalFrontPorch>
 <VerticalBackPorch>18</VerticalBackPorch>
 <VerticalSyncPulse>2</VerticalSyncPulse>
 <VerticalSyncSkew>0</VerticalSyncSkew>
 <VerticalTopBorder>0</VerticalTopBorder>
 <VerticalBottomBorder>0</VerticalBottomBorder>
 <InvertDataPolarity>False</InvertDataPolarity>
 <InvertVsyncPolairty>False</InvertVsyncPolairty>
 <InvertHsyncPolarity>False</InvertHsyncPolarity>
 <BorderColor>0x0</BorderColor>
</Group>
<Group id="Display Interface">
 <InterfaceType>9</InterfaceType>
 <InterfaceColorFormat>3</InterfaceColorFormat>
</Group>
<Group id="DSI Interface">
 <DSIChannelId>2</DSIChannelId>
 <DSIVirtualId>0</DSIVirtualId>
 <DSIColorFormat>36</DSIColorFormat>
 <DSITrafficMode>1</DSITrafficMode>
 <DSICPhyMode>True</DSICPhyMode>
 <DSILanes>3</DSILanes>
 <DSICmdSwapInterface>False</DSICmdSwapInterface>
 <DSITECheckEnable>True</DSITECheckEnable>
 <DSITEUsingDedicatedTEPin>True</DSITEUsingDedicatedTEPin>
 <DSITEvSyncStartPos>3200</DSITEvSyncStartPos>
 <DSITEvSyncInitVal>3200</DSITEvSyncInitVal>
 <DSIDSCEnable>True</DSIDSCEnable>
 <DSIDSCMajor>1</DSIDSCMajor>
 <DSIDSCMinor>1</DSIDSCMinor>
 <DSIDSCScr>0</DSIDSCScr>
 <DSIDSCProfileID>7</DSIDSCProfileID>
 <DSIDSCSliceWidth>720</DSIDSCSliceWidth>
 <DSIDSCSliceHeight>40</DSIDSCSliceHeight>
   <DSIHsaHseAfterVsVe>False</DSIHsaHseAfterVsVe>
   <DSILowPowerModeInHFP>False</DSILowPowerModeInHFP>
   <DSILowPowerModeInHBP>False</DSILowPowerModeInHBP>
   <DSILowPowerModeInHSA>False</DSILowPowerModeInHSA>
   <DSILowPowerModeInBLLPEOF>True</DSILowPowerModeInBLLPEOF>
   <DSILowPowerModeInBLLP>True</DSILowPowerModeInBLLP>
   <DSIRefreshRate>0x780000</DSIRefreshRate>
 <DSICmdUsingTrigger>False</DSICmdUsingTrigger>
 <DSIEnableAutoRefresh>True</DSIEnableAutoRefresh>
 <DSIAutoRefreshFrameNumDiv>1</DSIAutoRefreshFrameNumDiv>
 <DSIControllerMapping>
  00
 </DSIControllerMapping>
 <DSISprPackType>5</DSISprPackType>
 <DSIDemuraPanelIDReadCMD>
   06 00 DA
 </DSIDemuraPanelIDReadCMD>
 <DSIDemuraPanelID>0x0000471 0x122e700</DSIDemuraPanelID>
</Group>
<DSIInitSequence>
 39 F0 55 AA 52 08 01
 39 6F 01
 39 C5 0B 0B 0B
 39 FF AA 55 A5 80
 39 6F 02
 39 F5 10
 39 6F 1B
 39 F4 55
 39 6F 18
 39 F8 19
 39 6F 0F
 39 FC 00
 39 2A 00 00 05 9F
 39 2B 00 00 0C 7F
 39 90 03 03
 39 91 89 28 00 28 D2 00 02 86 04 3A 00 0A 02 AB 01 E9 10 F0
 39 6F 06
 39 F3 DC
 39 26 00
 39 35 00
 39 3B 00 18 00 10
 39 53 20
 39 51 07 FF 07 FF 0F FF
 39 5A 01
 39 5F 00
 39 9C 01
 05 2C
 39 2F 00
 39 FF AA 55 A5 82
 39 6F 08
 39 F3 CC 0C
 05 11
 FF 78
 05 29
</DSIInitSequence>
<DSITermSequence>
 05 28
 FF 14
 05 10
 FF 78
</DSITermSequence>
<Group id='Backlight Configuration'>
 <BacklightType>3</BacklightType>
 <BacklightBitWidth>12</BacklightBitWidth>
 <DisplayResetInfo>0 10 1000 10000 0</DisplayResetInfo>
</Group>
