<?xml version="1.0" encoding="utf-8"?>
<PanelName>NT37900B</PanelName>
<PanelDescription>bf367 NT37900B amoled cmd mode panel with DSC(1172x2748 24bpp)</PanelDescription>
<Group id="Active Timing">
<HorizontalActive>2480</HorizontalActive>
<HorizontalFrontPorch>4</HorizontalFrontPorch>
<HorizontalBackPorch>4</HorizontalBackPorch>
<HorizontalSyncPulse>4</HorizontalSyncPulse>
<HorizontalSyncSkew>0</HorizontalSyncSkew>
<HorizontalLeftBorder>0</HorizontalLeftBorder>
<HorizontalRightBorder>0</HorizontalRightBorder>
<VerticalActive>2200</VerticalActive>
<VerticalFrontPorch>2164</VerticalFrontPorch>
<VerticalBackPorch>40</VerticalBackPorch>
<VerticalSyncPulse>20</VerticalSyncPulse>
<VerticalSyncSkew>0</VerticalSyncSkew>
<VerticalTopBorder>0</VerticalTopBorder>
<VerticalBottomBorder>0</VerticalBottomBorder>
<InvertDataPolarity>False</InvertDataPolarity>
<InvertVsyncPolairty>False</InvertVsyncPolairty>
<InvertHsyncPolarity>False</InvertHsyncPolarity>
<BorderColor>0x0</BorderColor>
<BacklightDefault>50</BacklightDefault>
</Group>
<Group id="Display Interface">
<InterfaceType>9</InterfaceType>
<InterfaceColorFormat>3</InterfaceColorFormat>
</Group>
<Group id="DSI Interface">
<DSIChannelId>2</DSIChannelId>
<DSIVirtualId>0</DSIVirtualId>
<DSIColorFormat>36</DSIColorFormat>
<DSITrafficMode>1</DSITrafficMode>
<DSILanes>4</DSILanes>
<DSIRefreshRate>0x3C0000</DSIRefreshRate>
<DSICmdSwapInterface>False</DSICmdSwapInterface>
<DSICmdUsingTrigger>False</DSICmdUsingTrigger>
<DSIEnableAutoRefresh>True</DSIEnableAutoRefresh>
<DSIAutoRefreshFrameNumDiv>2</DSIAutoRefreshFrameNumDiv>
<DSIClockHSForceRequest>0</DSIClockHSForceRequest>
<DSITECheckEnable>True</DSITECheckEnable>
<DSITEUsingDedicatedTEPin>True</DSITEUsingDedicatedTEPin>
<DSITEvSyncStartPos>2200</DSITEvSyncStartPos>
<DSITEvSyncInitVal>2200</DSITEvSyncInitVal>
<DSICmdModePixelAlignment>1</DSICmdModePixelAlignment>
<DSILP11AtInit>True</DSILP11AtInit>
<DSIDSCEnable>True</DSIDSCEnable>
<DSIDSCMajor>1</DSIDSCMajor>
<DSIDSCMinor>1</DSIDSCMinor>
<DSIDSCScr>0</DSIDSCScr>
<DSIDSCProfileID>0x07</DSIDSCProfileID>
<DSIDSCSliceWidth>1240</DSIDSCSliceWidth>
<DSIDSCSliceHeight>20</DSIDSCSliceHeight>
<DSIDSCSlicePerPacket>2</DSIDSCSlicePerPacket>
<DSIControllerMapping>
00
</DSIControllerMapping>
</Group>
<DSIInitSequence>
39 F0 55 AA 52 08 00
39 C8 0D 0D 0D 0D 08 08
15 6F 0B
39 C8 0C 0C 04 04 0C 0C 08 08
39 F0 55 AA 52 08 01
15 6F 03
15 D9 40
15 6F 23
39 D9 C1 C9 12
39 F0 55 AA 52 08 00
15 6F 1C
39 B2 0F FF 0F FF
15 6F CD
39 B2 0F FF 0F FF
15 6F D6
15 B2 02
39 FF AA 55 A5 80
15 6F 29
39 F8 0E 36
15 6F 0D
39 F8 01 7F
39 FF AA 55 A5 81
15 6F 02
15 F9 04
15 6F 0E
15 5 2B
39 F0 55 AA 52 08 03
39 C8 01 FF FB
39 FF AA 55 A5 80
15 6F 22
15 FE 40
39 FF AA 55 A5 82
15 6F 11
15 F8 0F
39 F0 55 AA 52 00 00
39 FF AA 55 A5 00
15 6F 26
39 44 02 98 02 98 68 03 00
15 6F 4F
39 44 00 00
15 6F 63
15 44 66
15 6F 14
15 35 60
15 6F 04
15 35 00
15 6F 2D
39 44 02 98 02 98 68 03 00
15 6F 54
39 44 00 00
15 6F 63
15 44 66
15 6F 15
15 35 E0
15 6F 06
15 6D 48
05 35
15 53 20
39 5F 00 00
15 A2 01
39 2A 00 00 09 AF
39 2B 00 00 08 97
39 90 03 43
39 91 89 28 00 14 C2 00 03 6D 02 A7 00 11 05 0E 02 2F 10 D0
15 2F 01
15 6F 26
39 44 08 98 08 98 68 09 00
15 6F 4F
39 44 00 00
15 6F 63
15 44 66
15 6F 14
15 35 66
15 6F 04
15 35 01
39 51 00 00
05 11
ff 78
05 29
ff 14
15 6F 26
39 44 08 98 08 98 68 09 00
15 6F 4F
39 44 00 00
15 6F 63
15 44 66
15 6F 14
15 35 66
15 6F 04
15 35 01
05 6E
39 F0 55 AA 52 08 01
15 6F E4
39 E5 7F 7F 20 20 20 20 20 20
39 F0 55 AA 52 08 00
15 6F 21
15 BA 00
15 6F 25
15 BA 00
15 6F 31
15 BA 09
15 6F 41
15 BA 21
15 6F 45
15 BA 21
15 6F 51
15 BA 00
15 6F 55
15 BA 00
15 6F 6C
15 BA 00
15 6F 75
15 BA 03
15 6F A5
15 BA 01
15 6F A9
15 BA 00
15 6F AD
15 BA 00
15 6F B1
15 BA 00
15 2F 30
15 6D 81
39 F0 55 AA 52 08 01
15 6F 67
39 B9 00 65 66 66
15 6F 6F
39 B9 00 43 44 44
39 A9 02 01 E5 E4 E7 7F 7F 20 20 02 01 E5 E8 EB 20 20 20 20 02 00 BA 21 21 00 02 00 BA 25 25 00 02 00 BA 31 31 09 02 00 BA 35 35 09 02 00 BA 41 41 21 02 00 BA 45 45 21 02 00 BA 51 51 00 02 00 BA 55 55 00 02 00 BA 6C 6C 00 02 00 BA 75 75 03 02 00 BA A5 A5 01 02 00 BA A9 A9 00 02 00 BA AD AD 00 02 00 BA B1 B1 00 02 00 2F 00 00 30 02 00 6D 00 00 81 02 01 B9 67 67 00 02 01 B9 68 6A 65 66 66 02 01 B9 6F 6F 00 02 01 B9 70 72 43 44 44
15 6F 26
39 44 11 98 11 98 68 12 00
15 6F 4F
39 44 00 00
15 6F 63
15 44 66
15 6F 14
15 35 60
15 6F 04
15 35 00
39 F0 55 AA 52 08 00
39 BE 47 54
</DSIInitSequence>
<DSITermSequence>
05 28
ff 78
05 10
ff 78
</DSITermSequence>
<Group id='Backlight Configuration'>
<BacklightType>3</BacklightType>
<BacklightBitWidth>12</BacklightBitWidth>
<DisplayResetInfo>0 10000 10000 50000 0</DisplayResetInfo>
</Group>

