<?xml version="1.0" encoding="utf-8"?>
<PanelName>RM692H5</PanelName>
<PanelDescription>bf289 rm692h5 amoled cmd mode panel (422x682)</PanelDescription>
<Group id="Active Timing">
 <HorizontalActive>422</HorizontalActive>
 <HorizontalFrontPorch>16</HorizontalFrontPorch>
 <HorizontalBackPorch>16</HorizontalBackPorch>
 <HorizontalSyncPulse>8</HorizontalSyncPulse>
 <HorizontalSyncSkew>0</HorizontalSyncSkew>
 <HorizontalLeftBorder>0</HorizontalLeftBorder>
 <HorizontalRightBorder>0</HorizontalRightBorder>
 <VerticalActive>682</VerticalActive>
 <VerticalFrontPorch>12</VerticalFrontPorch>
 <VerticalBackPorch>12</VerticalBackPorch>
 <VerticalSyncPulse>8</VerticalSyncPulse>
 <VerticalSyncSkew>0</VerticalSyncSkew>
 <VerticalTopBorder>0</VerticalTopBorder>
 <VerticalBottomBorder>0</VerticalBottomBorder>
 <InvertDataPolarity>False</InvertDataPolarity>
 <InvertVsyncPolairty>False</InvertVsyncPolairty>
 <InvertHsyncPolarity>False</InvertHsyncPolarity>
 <BorderColor>0x0</BorderColor>
 <BacklightDefault>50</BacklightDefault>
</Group>
<Group id="Display Interface">
 <InterfaceType>11</InterfaceType>
 <InterfaceColorFormat>3</InterfaceColorFormat>
</Group>
<Group id="DSI Interface">
 <DSIChannelId>2</DSIChannelId>
 <DSIVirtualId>0</DSIVirtualId>
 <DSIColorFormat>36</DSIColorFormat>
 <DSITrafficMode>1</DSITrafficMode>
 <DSILanes>1</DSILanes>
 <DSIRefreshRate>0x3C0000</DSIRefreshRate>
 <DSICmdSwapInterface>False</DSICmdSwapInterface>
 <DSICmdUsingTrigger>False</DSICmdUsingTrigger>
 <DSIEnableAutoRefresh>True</DSIEnableAutoRefresh>
 <DSIAutoRefreshFrameNumDiv>2</DSIAutoRefreshFrameNumDiv>
 <DSIClockHSForceRequest>0</DSIClockHSForceRequest>
 <DSITECheckEnable>True</DSITECheckEnable>
 <DSITEUsingDedicatedTEPin>True</DSITEUsingDedicatedTEPin>
 <DSITEvSyncStartPos>682</DSITEvSyncStartPos>
 <DSITEvSyncInitVal>682</DSITEvSyncInitVal>
 <DSICmdModePixelAlignment>1</DSICmdModePixelAlignment>
 <DSILP11AtInit>True</DSILP11AtInit>
 <DSIControllerMapping>
  01
 </DSIControllerMapping>
</Group>
<DSIInitSequence>
15 FE 00
39 2A 00 00 01 A5
39 2B 00 00 02 A9
15 35 00
15 51 FF
05 11
ff 78
05 29
ff 14
</DSIInitSequence>
<DSITermSequence>
 05 28
 ff 78
 05 10
 ff 78
</DSITermSequence>
<Group id='Backlight Configuration'>
<BacklightType>3</BacklightType>
<BacklightBitWidth>12</BacklightBitWidth>
<DisplayResetInfo>0 10000 10000 50000 0</DisplayResetInfo>
</Group>

