<?xml version="1.0" encoding="utf-8"?>
<PanelName>R66451 Visionox</PanelName>
<PanelDescription>R66451 Visionox Single DSI DSC Video Mode Amoled Panel (1440x2560 24bpp)</PanelDescription>
<Group id="Active Timing">
 <HorizontalActive>1080</HorizontalActive>
 <HorizontalFrontPorch>95</HorizontalFrontPorch>
 <HorizontalBackPorch>40</HorizontalBackPorch>
 <HorizontalSyncPulse>1</HorizontalSyncPulse>
 <HorizontalSyncSkew>0</HorizontalSyncSkew>
 <HorizontalLeftBorder>0</HorizontalLeftBorder>
 <HorizontalRightBorder>0</HorizontalRightBorder>
 <VerticalActive>2340</VerticalActive>
 <VerticalFrontPorch>25</VerticalFrontPorch>
 <VerticalBackPorch>4</VerticalBackPorch>
 <VerticalSyncPulse>1</VerticalSyncPulse>
 <VerticalSyncSkew>0</VerticalSyncSkew>
 <VerticalTopBorder>0</VerticalTopBorder>
 <VerticalBottomBorder>0</VerticalBottomBorder>
 <InvertDataPolarity>False</InvertDataPolarity>
 <InvertVsyncPolairty>False</InvertVsyncPolairty>
 <InvertHsyncPolarity>False</InvertHsyncPolarity>
 <BorderColor>0x0</BorderColor>
</Group>
<Group id="Display Interface">
 <InterfaceType>8</InterfaceType>
 <InterfaceColorFormat>3</InterfaceColorFormat>
</Group>
<Group id="DSI Interface">
 <DSIChannelId>1</DSIChannelId>
 <DSIVirtualId>0</DSIVirtualId>
 <DSIColorFormat>36</DSIColorFormat>
 <DSITrafficMode>1</DSITrafficMode>
 <DSIDSCEnable>True</DSIDSCEnable>
 <DSIDSCMajor>1</DSIDSCMajor>
 <DSIDSCMinor>1</DSIDSCMinor>
 <DSIDSCScr>0</DSIDSCScr>
 <DSIDSCProfileID>4</DSIDSCProfileID>
 <DSIDSCSliceWidth>540</DSIDSCSliceWidth>
 <DSIDSCSliceHeight>20</DSIDSCSliceHeight>
 <DSIDSCSlicePerPacket>2</DSIDSCSlicePerPacket>
 <DSILanes>4</DSILanes>
   <DSIHsaHseAfterVsVe>False</DSIHsaHseAfterVsVe>
   <DSILowPowerModeInHFP>False</DSILowPowerModeInHFP>
   <DSILowPowerModeInHBP>False</DSILowPowerModeInHBP>
   <DSILowPowerModeInHSA>False</DSILowPowerModeInHSA>
   <DSILowPowerModeInBLLPEOF>True</DSILowPowerModeInBLLPEOF>
   <DSILowPowerModeInBLLP>True</DSILowPowerModeInBLLP>
   <DSIRefreshRate>0x3C0000</DSIRefreshRate>
 <DSIControllerMapping>
  00
 </DSIControllerMapping>
</Group>
<DSIInitSequence>
 39 b0 00
 39 b3 01
 39 b0 00
 39 d8 00 00 00 00 00 00 00 00 00 5b 00 5b 00 5b 00 5b 00 5b
 39 b0 80
 39 e6 00
 39 b0 00
 39 cf 64 0b 00 00 00 00 00 00 08 00 0b 77 01 01 01 01 01 01 04 04 04 04 04 05
 39 b0 04
 39 f7 01
 39 df 50 40
 39 f3 50 00 00 00 00
 39 f2 11
 39 f3 01 00 00 00 01
 39 f4 00 02
 39 f2 19
 39 df 50 42
 39 35 00
 39 2a 00 00 04 37
 39 2b 00 00 09 23
 05 11
 ff 78
 05 29
 ff 14
</DSIInitSequence>
<DSITermSequence>
 05 28
 ff 14
 05 10
 ff 78
</DSITermSequence>
<Group id='Backlight Configuration'>
 <BacklightType>3</BacklightType>
 <BacklightBitWidth>12</BacklightBitWidth>
 <DisplayResetInfo>0 10 1000 10000 0</DisplayResetInfo>
</Group>
